{"version":1,"hash":{"type":"Buffer","data":"49qS0v2w0fbw+x25sH9KWVk6uqYgQAV7XOPFw8Dg5KlfosK/IaTw0ds7+Ii+U5oIUZipvByoEGtTH26Ko95co5Vzv6J75x/FOAU9aXtRuXr4OC47iAnqjzq7/eiFvWTz7VNXX0hkYo8LXR6GTdvNCFURvALMAXPLFZWUQJjl/+o="},"indexValueMap":{"XGBBHrbWB8XpgT++p+lFJAUinwCm457w/SnZKpf2gxc=":{"valueMac":{"type":"Buffer","data":"vweVNTaRh0PZXx98adrb+miJAvvxEdxNuNPu/md6y3M="}},"f63pJuCxkHpnfrHiLolFEhT3bQcu2DYnKYUKFPtuKgY=":{"valueMac":{"type":"Buffer","data":"g7jPVJkjo9o+d7cUNANV3f8Xn0VmHJ4esWWw6Y7SaG4="}},"qmUcvuRTpY2XSih64eCgBJ7rP/cx5qBdYmfWz3uKj9w=":{"valueMac":{"type":"Buffer","data":"4MQYpcbaed8WVn6/xqxhCVMb5vnXX1UGCt7ei2mbfoE="}},"EaYRkDGUUvg53ISyF0ONfSKRHb+x7daJ2t3ohtNojxU=":{"valueMac":{"type":"Buffer","data":"p1GGq4ghkV+1Jz1+BLQNlWba3IxX1Q6t9mJw8H8rokU="}},"rQPrqo0L1OO6NgJafQ+bD1G6YueD8ykJ90Xrb1qd/Y8=":{"valueMac":{"type":"Buffer","data":"e1qWqbGFnkO8xixMs8pNlXEr/d6PnFmBBMTeEK49VXk="}},"/NUloEu7iam6dcFbOug9ecBqwd46TtcdsznsPYpy8YQ=":{"valueMac":{"type":"Buffer","data":"M1mO2jglqk+YX96ODljvPhCsXtuEQnsJb/Cgc/pmdG8="}},"RrHlfpnWoss93B5Lkqmpx5B9mBP7kyAmMtRHLY0rtHE=":{"valueMac":{"type":"Buffer","data":"OKmzJS1/yt4mQYX80zT/Y3V9zipAT9FEeg0uOVZhAU0="}},"6TThik73I93VouIOBW1TbK0JtSiKuJBsCI/Cvl/CJK4=":{"valueMac":{"type":"Buffer","data":"FzJwaDMK6eUf616jo9KiQ8fdvhQN7dcONaMxJOlBhSE="}},"JbIL6tvslWhVq9+eGUAGoepsfi2k6+60z9xPcIWG5ZE=":{"valueMac":{"type":"Buffer","data":"xdkaL5pyJ5JCvPynvPLyck1Ugk0xbwlFKI+TYHK32mc="}},"fiEJWPMaQpbOZv6zbWkXzrt9JJnn+wZCuhYDeGm8pbo=":{"valueMac":{"type":"Buffer","data":"ucU5gB1Y4YVesCeWPuWbTBkcv7R2iY/5EzaEm/INTjE="}},"GziXWz/4rIFakMpZ0Koe5Ydgyyg5jFwCoGlQdbptK6I=":{"valueMac":{"type":"Buffer","data":"DXCRAaBc5PCfPzUkuCbhtT6AYC//ghglVP/FP6dt3Xc="}},"pnUuOxCktkgPMYgGqLdVa0rusQ3UvWdP88VRfO6PWQw=":{"valueMac":{"type":"Buffer","data":"jk4R4lndti4U0zm/ALgnVXWQPOPH49+G0nwX9AlLkjY="}},"VQaCbmEE9BSkuKvDQQY3m3mvVonUQHRRxy+ov0YJ1KI=":{"valueMac":{"type":"Buffer","data":"eQ70fxFGUq/qVbdZ9HJS8QG+vPT/NXPiRvi+8KPUvC4="}},"uMOzSEpPeZDswCHf9zWF0K/48Ue5b18tHFst4rS+44I=":{"valueMac":{"type":"Buffer","data":"9RXH15ti7eCK16HQGOtrRGLAIYc1uSKY0ShSDY5SUGk="}},"iyoTu28CTrp2P08MwMbfb5GRja1RFsS2dP6M07XrHHU=":{"valueMac":{"type":"Buffer","data":"hiuhUCRbAy3++NkKyTMEWaY1ZP/GngYFXd9rhkdh60o="}},"/7M1WosU4TdiN4HhcmabIaly1ZkPNGHcCumypc6t4lA=":{"valueMac":{"type":"Buffer","data":"aGY9hHrJwlpm5e78NOoTghoA3I4iYcQMJCVzaxpd3Zs="}},"hEvYRNih/soeusrG+xgteeRyMVFd+ZS11F03t5AgPlI=":{"valueMac":{"type":"Buffer","data":"xkpk8cChyAYP9POLgjl8O7Fbyp+fcwZDSb0qsRovcf8="}},"kfNtYnr7R6hllCK+di2Ubysd5Ryh+mMmT4H9y/KX65Q=":{"valueMac":{"type":"Buffer","data":"6xd2T+DEi2CKPLqGRXuqsXRxGplcksRYvtKo58ORS1Y="}},"zPH3RbSVcDP2cvA9XmYgegFvP+pXXJX5UDH7QtMeTBc=":{"valueMac":{"type":"Buffer","data":"P7/gmvxe1QiTqMK059XCzBzazMJ/a64/9XTvQzC8D0M="}},"NbShwdFN5bRA21YxTxNYpW5RyXwHQvij9RyTQpnurK8=":{"valueMac":{"type":"Buffer","data":"pSmQMNnQp4yXd0jryv/QHAj3Y6TsnJ8kEQpIAyYb1BM="}}}}