{"noiseKey":{"private":{"type":"Buffer","data":"CGScHiSGfHO5Abi25nR1A61HNReoRpPbJiKIgmYXWG4="},"public":{"type":"Buffer","data":"YgNwDWcs41U89Jb6uezfgt7kbEMvqgK0mWmUZ+0AdkY="}},"pairingEphemeralKeyPair":{"private":{"type":"Buffer","data":"WFeNEFJOdV1MeNq3lSnT+hRjzv6Jj3uENaPZ0RLlSHE="},"public":{"type":"Buffer","data":"jujY2hWpwR6dH0sBMHaUhp9w91WoKcgiZKFMmWiR0Qo="}},"signedIdentityKey":{"private":{"type":"Buffer","data":"AHF7eiEB8+4higm2t+74nBlp1nZks0oIYqCB6e4D5WE="},"public":{"type":"Buffer","data":"CWRBZpVmjxrzlrSfkToMw8cMreeOcwMSkuR3rX+yqzw="}},"signedPreKey":{"keyPair":{"private":{"type":"Buffer","data":"cIgtLUKL+qWB1q/6/oZLZgnZRKsM+s1kfhu2+1oKlXU="},"public":{"type":"Buffer","data":"ZR+zCReIDL8kItn+Ywc3IFV81cIDOfyYCNdoohz8oiQ="}},"signature":{"type":"Buffer","data":"UFZb6eJHU41vdyjSUGhDi/lWmzw+LRhgjLPSfX9ObvKfazridD4OzYMyL6fNeMRC8FUM/qy6s59cBFwMgbpohQ=="},"keyId":1},"registrationId":221,"advSecretKey":"ITnraNNSwmeSnuOHVWj/96TBFTa6t23/Mcec8FOGILs=","processedHistoryMessages":[{"key":{"remoteJid":"8801708512859@s.whatsapp.net","fromMe":false,"id":"AC8D3FEF34BC4D597155B75B7E2FE1B0","participant":"","addressingMode":"pn"},"messageTimestamp":1765455452},{"key":{"remoteJid":"8801708512859@s.whatsapp.net","fromMe":false,"id":"AC039B238AAAEDDBD7452DEFCF1557BE","participant":"","addressingMode":"pn"},"messageTimestamp":1765455452},{"key":{"remoteJid":"8801708512859@s.whatsapp.net","fromMe":false,"id":"AC7243D130E05F28624148FB0286D3F9","participant":"","addressingMode":"pn"},"messageTimestamp":1765455452},{"key":{"remoteJid":"8801708512859@s.whatsapp.net","fromMe":false,"id":"AC881225F8350CD9EEBE7980143FF595","participant":"","addressingMode":"pn"},"messageTimestamp":1765455453},{"key":{"remoteJid":"8801708512859@s.whatsapp.net","fromMe":false,"id":"AC0F611FCB5F84E555568AE39BF0C0BD","participant":"","addressingMode":"pn"},"messageTimestamp":1765455458},{"key":{"remoteJid":"8801708512859@s.whatsapp.net","fromMe":false,"id":"AC5A015563916A3EFB91487B4B311BE5","participant":"","addressingMode":"pn"},"messageTimestamp":1765455464}],"nextPreKeyId":813,"firstUnuploadedPreKeyId":813,"accountSyncCounter":1,"accountSettings":{"unarchiveChats":false},"registered":false,"lastPropHash":"3R9Z39","routingInfo":{"type":"Buffer","data":"CBIIBQgN"},"account":{"details":"CIrYzvoCENfs6skGGAEgACgA","accountSignatureKey":"xid8kjggsJ6HtV8PiSALFJd7S76ac/EW7Kv/vtsWVCQ=","accountSignature":"nP64HdKRvYINGu3hyV++ER8GvEpr5BCFFaWGhQohYYIxPxbdZmUiBybRqZEAMAi4p2QBVD2tZdH5R1qT1uf9CQ==","deviceSignature":"CmJ90SWBtdbCnNI3zuiHx+kHXC80QryXBriCBR4jAiIRjAX9YrYdGavbPMUKtqOR8GKyuql9lnO2MVZ/qgXQhw=="},"me":{"id":"8801708512859:1@s.whatsapp.net","name":"ইউডিসি","lid":"66357865513108:1@lid"},"signalIdentities":[{"identifier":{"name":"66357865513108:1@lid","deviceId":0},"identifierKey":{"type":"Buffer","data":"BcYnfJI4ILCeh7VfD4kgCxSXe0u+mnPxFuyr/77bFlQk"}}],"platform":"android","lastAccountSyncTimestamp":1765455451,"myAppStateKeyId":"AAAAAEml"}